Label,PaymasterName,PaymasterAddress,EntryPoint,Chain,FromBlock,ToBlock,BlockNumber,TxHash,UserOpHash,ActualGasUsed,FilterNotes
B1_Alchemy,Alchemy Gas Manager,0x4Fd9098af9ddcB41DA48A1d78F91F1398965addc,0x5FF137D4b0FDCD49DcA30c7CF57E578a026d2789,op-mainnet,147705292,147793318,147793318,0x2b8ac4ef35344b8186ff3cd28b606fe6539f19f48a30e3d51c471623c22af5bd,0x891be24fd0acc71ffdd0ef04789b73b382cefd7402ea545a79047e0f85306c92,228406,single-UserOp bundle; execute->ERC20 transfer
B1_Alchemy,Alchemy Gas Manager,0x4Fd9098af9ddcB41DA48A1d78F91F1398965addc,0x5FF137D4b0FDCD49DcA30c7CF57E578a026d2789,op-mainnet,147705292,147793318,147780944,0x2298161caceb89fbb6fe75fe3d0885fc7d751251395282fa93a2af82cc06978a,0xa9c1d156bab8c96568a6eea2f13a5a346108066850c3b4011438d858f8ed8252,217968,single-UserOp bundle; execute->ERC20 transfer
B1_Alchemy,Alchemy Gas Manager,0x4Fd9098af9ddcB41DA48A1d78F91F1398965addc,0x5FF137D4b0FDCD49DcA30c7CF57E578a026d2789,op-mainnet,147705292,147793318,147778309,0x6941b0f55aac77c23ac0dbdd0f688f790b6e7f24396be80665a86af09560ba8a,0xbba9a82996a593c95c6effec8233e1172f967468f5d42a39743c6a4d868c4290,209269,single-UserOp bundle; execute->ERC20 transfer
B1_Alchemy,Alchemy Gas Manager,0x4Fd9098af9ddcB41DA48A1d78F91F1398965addc,0x5FF137D4b0FDCD49DcA30c7CF57E578a026d2789,op-mainnet,147705292,147793318,147774260,0x350bf5721572adf06ebdf5eadec26c2a2da38f066f06190e1f997b8524b048d2,0xedf21373032122882688312434fb218ec4dd23d08391229424356bfa65866f97,226394,single-UserOp bundle; execute->ERC20 transfer
B1_Alchemy,Alchemy Gas Manager,0x4Fd9098af9ddcB41DA48A1d78F91F1398965addc,0x5FF137D4b0FDCD49DcA30c7CF57E578a026d2789,op-mainnet,147705292,147793318,147743532,0xb214f70876e34d2e0ef6335c8301f1762948eab4cf36671a1fc1f0b03f14f378,0x847e31b5bcc9a712cf3083bf6d5abc359b0fdbc8b87c4f5bdec5c2e0c19952d2,231141,single-UserOp bundle; execute->ERC20 transfer
B1_Alchemy,Alchemy Gas Manager,0x4Fd9098af9ddcB41DA48A1d78F91F1398965addc,0x5FF137D4b0FDCD49DcA30c7CF57E578a026d2789,op-mainnet,147705292,147793318,147732830,0x4b9656c1f574b10b0d54fd83f0f151bea721a85da5a6cece2f0f5d10f1613b88,0x2fbdc3e6d712896350a0b657df0fdd6732ca1c87eb0dfd2ac1879830fc0b4a6a,210921,single-UserOp bundle; execute->ERC20 transfer
B1_Alchemy,Alchemy Gas Manager,0x4Fd9098af9ddcB41DA48A1d78F91F1398965addc,0x5FF137D4b0FDCD49DcA30c7CF57E578a026d2789,op-mainnet,147705292,147793318,147732922,0x49077ba052b1c31a9a19e11459ed2f985351bb547a4f73bd521c977c48ba27b4,0x8abfabac08cd628ca83ba93568e9bc829ad517b9c73e7c8d3749265fb70b2ed9,194016,single-UserOp bundle; execute->ERC20 transfer
B1_Alchemy,Alchemy Gas Manager,0x4Fd9098af9ddcB41DA48A1d78F91F1398965addc,0x5FF137D4b0FDCD49DcA30c7CF57E578a026d2789,op-mainnet,147705292,147793318,147705292,0xf520a5609fee9d709dc7f196fc906981914e535f6c5b7d42b9c8f9494c3b79d5,0x608699caa610767f3aca5860e362bcbcefe3d9f62493a3a0dc372f5f14ea9570,217618,single-UserOp bundle; execute->ERC20 transfer
B2_Pimlico,Pimlico ERC-20 Paymaster,0x777777777777AeC03fd955926DbF81597e66834C,0x0000000071727De22E5E9d8BAf0edAc6f37da032,op-mainnet,147799305,147799371,147799305,0xe6ba79237b5196060d4d912bedf7e2a08695aec8c5861125a3de9c05e72a4d19,0xc279bbc93a10f3444c4f530308f529aacf49d6064c20a56acefca9f95490e2f0,350287,single-UserOp bundle; Opaque callData with single ERC20 transfer selector
B2_Pimlico,Pimlico ERC-20 Paymaster,0x777777777777AeC03fd955926DbF81597e66834C,0x0000000071727De22E5E9d8BAf0edAc6f37da032,op-mainnet,147799305,147799371,147799305,0x2da028ec0ae29f61e5c8739cf1edd3faaed59b2b26d48c634098bca9c909a2b8,0x02b17f8e3eb07606a8ed6a11612c48c4bae79c656adbcd2c05b647743d0e9f24,350281,single-UserOp bundle; Opaque callData with single ERC20 transfer selector
B2_Pimlico,Pimlico ERC-20 Paymaster,0x777777777777AeC03fd955926DbF81597e66834C,0x0000000071727De22E5E9d8BAf0edAc6f37da032,op-mainnet,147799305,147799371,147799306,0x515ddacda73c7bf5f519cc03cb367cf4b9ad78b52b5478dc230d3910572425e8,0xd8a3fa98a0b424b463ce5180c2e7828448f7f70c94e32e9ca8e12cf81ae4451c,353866,single-UserOp bundle; Opaque callData with single ERC20 transfer selector
B2_Pimlico,Pimlico ERC-20 Paymaster,0x777777777777AeC03fd955926DbF81597e66834C,0x0000000071727De22E5E9d8BAf0edAc6f37da032,op-mainnet,147799305,147799371,147799306,0x8bc52187cd40f4dfad536f07a23024023ee34ef7915b1bfb4d2b43ed4e3c23f5,0x09c38a87720c71e2a0df7371ef27a3f0e36e08bc398c8f7b30073c5797cc68b5,350571,single-UserOp bundle; Opaque callData with single ERC20 transfer selector
B2_Pimlico,Pimlico ERC-20 Paymaster,0x777777777777AeC03fd955926DbF81597e66834C,0x0000000071727De22E5E9d8BAf0edAc6f37da032,op-mainnet,147799305,147799371,147799307,0xcc6285e0a8c42bfd2145edb4fb0d11bc6107aa6fc0b684bb88c54b7e42d86a3a,0x92b35e94f70a37cd7639cd90f94768bf1e5ca20ce21e47796583563ea6ecf761,350575,single-UserOp bundle; Opaque callData with single ERC20 transfer selector
B2_Pimlico,Pimlico ERC-20 Paymaster,0x777777777777AeC03fd955926DbF81597e66834C,0x0000000071727De22E5E9d8BAf0edAc6f37da032,op-mainnet,147799305,147799371,147799323,0xb074bdd6eec104d99d782306806b3942ae468aad0f9ea621405d6a8c8fe0da65,0x5181b224cd04e28f5d647cdb46400585370f4ff337259313bed243bfb3971760,358079,single-UserOp bundle; Opaque callData with single ERC20 transfer selector
B2_Pimlico,Pimlico ERC-20 Paymaster,0x777777777777AeC03fd955926DbF81597e66834C,0x0000000071727De22E5E9d8BAf0edAc6f37da032,op-mainnet,147799305,147799371,147799323,0x8fb3c94ca9627a00a89ac059a0d933cc3ed3af512c19abcecbac0bff964d2440,0x85d7bacba29a4baf6d07c73ceebe339ffe421d5a0824611ac7e00115ed6d04ee,358068,single-UserOp bundle; Opaque callData with single ERC20 transfer selector
B2_Pimlico,Pimlico ERC-20 Paymaster,0x777777777777AeC03fd955926DbF81597e66834C,0x0000000071727De22E5E9d8BAf0edAc6f37da032,op-mainnet,147799305,147799371,147799325,0xc0f2a5bfd3a4ce9e597507abb0073ad32c42d912a3a817856861727df6dd03c9,0x1e074f387000757b40b5550e1f30fa9422ae98b5a0e457ad8bcc37f9b1b09a7d,358107,single-UserOp bundle; Opaque callData with single ERC20 transfer selector
B2_Pimlico,Pimlico ERC-20 Paymaster,0x777777777777AeC03fd955926DbF81597e66834C,0x0000000071727De22E5E9d8BAf0edAc6f37da032,op-mainnet,147799305,147799371,147799325,0x2fa11417350945e77b99692829917e6fe04bab766e46c070d5ba53468b88c295,0xea32b462b7632d89b8d948f80c36804feb99c1d28a554d98510916d799b485d2,635202,single-UserOp bundle; Opaque callData with single ERC20 transfer selector
B2_Pimlico,Pimlico ERC-20 Paymaster,0x777777777777AeC03fd955926DbF81597e66834C,0x0000000071727De22E5E9d8BAf0edAc6f37da032,op-mainnet,147799305,147799371,147799325,0xabaf873db3d7a68f695b414732ea0c5f23552386e7e989e48921d9950773bcb3,0x19aaf5f4c926d258baaff43e2e9db78f9fc5ff532eb4e7af18759fff0d0a04b4,358107,single-UserOp bundle; Opaque callData with single ERC20 transfer selector
B2_Pimlico,Pimlico ERC-20 Paymaster,0x777777777777AeC03fd955926DbF81597e66834C,0x0000000071727De22E5E9d8BAf0edAc6f37da032,op-mainnet,147799305,147799371,147799342,0xc72bc6616f75040215cedcd7eb8406895824147803b06ea375b4fce4acc9c040,0xf543292648ee472273b3eea84d3996f52f74fd04e7f01cea0417376b2f5eac94,350641,single-UserOp bundle; Opaque callData with single ERC20 transfer selector
B2_Pimlico,Pimlico ERC-20 Paymaster,0x777777777777AeC03fd955926DbF81597e66834C,0x0000000071727De22E5E9d8BAf0edAc6f37da032,op-mainnet,147799305,147799371,147799342,0x1523479fefa3ae5c64d1e30e65bd3bd9d2a611958d5ab2c8cf70bd612406eed5,0x94b09e5a05a216111dda4833260eac9784b4bf862a068614fc5ae5f3565a18be,350624,single-UserOp bundle; Opaque callData with single ERC20 transfer selector
B2_Pimlico,Pimlico ERC-20 Paymaster,0x777777777777AeC03fd955926DbF81597e66834C,0x0000000071727De22E5E9d8BAf0edAc6f37da032,op-mainnet,147799305,147799371,147799342,0xdd1ab2550f1d338161262faba23dc7ad1dd3f4c961dcb4ee68612ba7bc34bdea,0x43d8be2500280f711bde12148b6e326f953c3a48338c1c683d67a5308828a05f,350621,single-UserOp bundle; Opaque callData with single ERC20 transfer selector
B2_Pimlico,Pimlico ERC-20 Paymaster,0x777777777777AeC03fd955926DbF81597e66834C,0x0000000071727De22E5E9d8BAf0edAc6f37da032,op-mainnet,147799305,147799371,147799344,0xabfbf879df9d18c52198b14e682264c6944b4b08a5592e437dd5b7b76ae65698,0x432446ded0be5f592d732408b13e94007415d319a1bf3f500fcf878268f7ab9e,350555,single-UserOp bundle; Opaque callData with single ERC20 transfer selector
B2_Pimlico,Pimlico ERC-20 Paymaster,0x777777777777AeC03fd955926DbF81597e66834C,0x0000000071727De22E5E9d8BAf0edAc6f37da032,op-mainnet,147799305,147799371,147799346,0x99f970cef19a7ddd6dd4e97e22663fafe073944dcedfa53d5b86d4fba7d891b3,0xa2d95901b09b4b638adba8ed3bf10b3db02740308b1d1463ef83f3baefbe090e,569369,single-UserOp bundle; Opaque callData with single ERC20 transfer selector
B2_Pimlico,Pimlico ERC-20 Paymaster,0x777777777777AeC03fd955926DbF81597e66834C,0x0000000071727De22E5E9d8BAf0edAc6f37da032,op-mainnet,147799305,147799371,147799365,0x928715783c057dbe68d3927fdacf9ee4fb49cbdcacf57eaad970473da2e5ef2a,0xfffea91e41e29418c582c0b46513edc88db7d1624d229d214afba231c3ddd709,333244,single-UserOp bundle; Opaque callData with single ERC20 transfer selector
B2_Pimlico,Pimlico ERC-20 Paymaster,0x777777777777AeC03fd955926DbF81597e66834C,0x0000000071727De22E5E9d8BAf0edAc6f37da032,op-mainnet,147000000,147864449,147859450,0x3ab8c93ff5f361407098b7ed17b4b46a83274183d90cbd45c845a6efb92513c7,0x23a3d3ba774b0a481c39d61a50bc9ab8ff9717a7563009a767949f906cbaa167,359226,single-UserOp bundle; strict disabled
B2_Pimlico,Pimlico ERC-20 Paymaster,0x777777777777AeC03fd955926DbF81597e66834C,0x0000000071727De22E5E9d8BAf0edAc6f37da032,op-mainnet,147000000,147864449,147859451,0x76b8bfd081e980280294551cfce9f142fa3258df986c6dd701c26279805d8ba0,0x62f48e76d6ab45a8a0cba0976a1c410d2fb2b1abccc11ae4cf7050962da3ddc4,359289,single-UserOp bundle; strict disabled
B2_Pimlico,Pimlico ERC-20 Paymaster,0x777777777777AeC03fd955926DbF81597e66834C,0x0000000071727De22E5E9d8BAf0edAc6f37da032,op-mainnet,147000000,147864449,147859453,0x2209b9b9b019d0ddbd30d0f1c1b486f4a4a58582cf72d78b946d42e2800ceee8,0xc7253a5429c9ac8a016c44c8ac2f2b4260cfff864ea4e140c1c40baf9d930995,359289,single-UserOp bundle; strict disabled
B2_Pimlico,Pimlico ERC-20 Paymaster,0x777777777777AeC03fd955926DbF81597e66834C,0x0000000071727De22E5E9d8BAf0edAc6f37da032,op-mainnet,147000000,147864449,147859456,0xac3c5e8b066c0bd88656cf0db783c4938034e7fe6aab942011491c9c46aefecd,0x2bb8499b38373827aabb9b99bfd58ba115203a8624318675144d727f2b685aaf,366356,single-UserOp bundle; strict disabled
B2_Pimlico,Pimlico ERC-20 Paymaster,0x777777777777AeC03fd955926DbF81597e66834C,0x0000000071727De22E5E9d8BAf0edAc6f37da032,op-mainnet,147000000,147864449,147859462,0x0a4e7782cb60defa83606e7a2086c7d6e4b8568ccfb9c596282cf757140f213f,0x2f06a27d4a734e3451039825d9ee16f9db398dee1c76447a3b5e41bbd3cf9135,351635,single-UserOp bundle; strict disabled
B2_Pimlico,Pimlico ERC-20 Paymaster,0x777777777777AeC03fd955926DbF81597e66834C,0x0000000071727De22E5E9d8BAf0edAc6f37da032,op-mainnet,147000000,147864449,147859463,0x5caeb92f636f2aca2ac5e95a18b73fec0806f42d02d22f53dd24cacf4b0516f3,0xa3fc871476aa31d5f11bb6e093d9286bc086ee5192cec9098428947669167d2c,351683,single-UserOp bundle; strict disabled
B2_Pimlico,Pimlico ERC-20 Paymaster,0x777777777777AeC03fd955926DbF81597e66834C,0x0000000071727De22E5E9d8BAf0edAc6f37da032,op-mainnet,147000000,147864449,147859464,0x2548277470b8c8abf2b1239a316a424926e10442e064b8508ed1ca48ed720ef2,0x7d44cc8697701fb2522fcd285900d6e4ce27a8fd7faed608b40e0951dfbfa682,351688,single-UserOp bundle; strict disabled
B2_Pimlico,Pimlico ERC-20 Paymaster,0x777777777777AeC03fd955926DbF81597e66834C,0x0000000071727De22E5E9d8BAf0edAc6f37da032,op-mainnet,147000000,147864449,147859473,0xf646644ee4934f78e927411a9b054b1510d5500f196fdf6fc2b260f91e3de4f3,0x34dabb34c5032814d221497b82f1dd8ae619e3420c2bdcbfb0a77522d5123cf1,359377,single-UserOp bundle; strict disabled
B2_Pimlico,Pimlico ERC-20 Paymaster,0x777777777777AeC03fd955926DbF81597e66834C,0x0000000071727De22E5E9d8BAf0edAc6f37da032,op-mainnet,147000000,147864449,147859475,0xd3f82a5deb6a08a3710ec1cac815e093568922613bc5d8b8432dce2cbcff9ebc,0x2376b629a45b3dd3e4cc89a3c422cdd97631105b2a14092f91d32cbe8ba6df47,359388,single-UserOp bundle; strict disabled
B2_Pimlico,Pimlico ERC-20 Paymaster,0x777777777777AeC03fd955926DbF81597e66834C,0x0000000071727De22E5E9d8BAf0edAc6f37da032,op-mainnet,147000000,147864449,147859476,0x7e5fe50eec03b89381675a32062f73267c937816843702adf4875a98c6d126cd,0x81cf6babf9f0b472578433c54f1dbfd0eb505247a8e385c978d8d02dfb384663,372303,single-UserOp bundle; strict disabled
B2_Pimlico,Pimlico ERC-20 Paymaster,0x777777777777AeC03fd955926DbF81597e66834C,0x0000000071727De22E5E9d8BAf0edAc6f37da032,op-mainnet,147000000,147864449,147859485,0x19b0102789cade058e1f77035558509b7792c70ffbc953cffcc472b994020cf7,0x4133fb2a2ac7c4222ab59220b65ac3fc45f23f8d6a809d31a85cc9c09a837582,366235,single-UserOp bundle; strict disabled
B2_Pimlico,Pimlico ERC-20 Paymaster,0x777777777777AeC03fd955926DbF81597e66834C,0x0000000071727De22E5E9d8BAf0edAc6f37da032,op-mainnet,147000000,147864449,147859487,0xd1510b77ab423be0a25a0e56f8abd1753b3d6720541f2b5b853daaac238d7d8d,0x3f43f95e33716dbd5846eaca79521e32528e99a14ba314701684d34a11fbd28f,351564,single-UserOp bundle; strict disabled
B2_Pimlico,Pimlico ERC-20 Paymaster,0x777777777777AeC03fd955926DbF81597e66834C,0x0000000071727De22E5E9d8BAf0edAc6f37da032,op-mainnet,147000000,147864449,147859487,0x09cd9b88509d2c54df07a82980592e443a2e8139216c56b2ea6f1d6731f5e16c,0x3012bc76cdd831719cdcc772fe9b3c09c1dcd55b993e6eb7538eecb7c769c7df,351539,single-UserOp bundle; strict disabled
B2_Pimlico,Pimlico ERC-20 Paymaster,0x777777777777AeC03fd955926DbF81597e66834C,0x0000000071727De22E5E9d8BAf0edAc6f37da032,op-mainnet,147000000,147864449,147859499,0x17d8f37326c029f9b93568eaedc8e4196784a5a7f19dce49278ec86eb9c56ed5,0x42753d72af8e6bf461eeb539b23a785713735155e8dff05716e49663f26df083,359071,single-UserOp bundle; strict disabled
B2_Pimlico,Pimlico ERC-20 Paymaster,0x777777777777AeC03fd955926DbF81597e66834C,0x0000000071727De22E5E9d8BAf0edAc6f37da032,op-mainnet,147000000,147864449,147859499,0x2d8714029ee2a5d8d4317a5fe3f4324a61bfe28e43bf7322381be93e043d5535,0x44f32a468a1409975cd192e82042ef703fff47c1269443215377f11c2242466b,359046,single-UserOp bundle; strict disabled
B2_Pimlico,Pimlico ERC-20 Paymaster,0x777777777777AeC03fd955926DbF81597e66834C,0x0000000071727De22E5E9d8BAf0edAc6f37da032,op-mainnet,147000000,147864449,147859507,0x3df8d7ca21b0d09b41a247e02e78d73b26700318a5f537143072e773b6b2e27b,0xb40fca0fbd60db56789a258a5f9da1b45e1ba0e2af8e7fe94067afc9b30cc6ec,359135,single-UserOp bundle; strict disabled
B2_Pimlico,Pimlico ERC-20 Paymaster,0x777777777777AeC03fd955926DbF81597e66834C,0x0000000071727De22E5E9d8BAf0edAc6f37da032,op-mainnet,147000000,147864449,147859507,0x36151e92770693184b223d145259677720abab4a28f9d43030238f7a9744631f,0xbc7786890dd69ef25604694daac1e93df0c9afc012ad7ebee39f1981de8a2371,351490,single-UserOp bundle; strict disabled
B2_Pimlico,Pimlico ERC-20 Paymaster,0x777777777777AeC03fd955926DbF81597e66834C,0x0000000071727De22E5E9d8BAf0edAc6f37da032,op-mainnet,147000000,147864449,147859511,0x1263182262a9c477fe3a924e961dd54cf1151f3221047fee86dab3dc350c15df,0xcf1e53ed0e7b3227e56a68cea6bb9889c746c5568086508515f5226d0f6a006e,351541,single-UserOp bundle; strict disabled
B2_Pimlico,Pimlico ERC-20 Paymaster,0x777777777777AeC03fd955926DbF81597e66834C,0x0000000071727De22E5E9d8BAf0edAc6f37da032,op-mainnet,147000000,147864449,147859511,0x89cfbfa5194440659c0879195e9c3f7221b85b447305fc8cbef16c1b30550ef9,0x438d07e5f955cd6616e43293048021215684f4af31a8bcb38efb27ec48081f61,351541,single-UserOp bundle; strict disabled
B2_Pimlico,Pimlico ERC-20 Paymaster,0x777777777777AeC03fd955926DbF81597e66834C,0x0000000071727De22E5E9d8BAf0edAc6f37da032,op-mainnet,147000000,147864449,147859518,0xf85788a106797b9ea1a32dd67dc7d350513f004841c7d0effe3f0e58dc4813dd,0x5ad2011c84a51a3805faac58eff17a1be75a0532f739ec5e879c93aef0edae68,351500,single-UserOp bundle; strict disabled
B2_Pimlico,Pimlico ERC-20 Paymaster,0x777777777777AeC03fd955926DbF81597e66834C,0x0000000071727De22E5E9d8BAf0edAc6f37da032,op-mainnet,147000000,147864449,147859522,0x33ee54262635712ca6eb4cd9b09740f2ab3b2e3d008489c77293162bfffdd53a,0x72978ebf83fbbe2733f2c302f7af768eca259c0c76e4da5b7a0cf9368f9aa9de,359134,single-UserOp bundle; strict disabled
B2_Pimlico,Pimlico ERC-20 Paymaster,0x777777777777AeC03fd955926DbF81597e66834C,0x0000000071727De22E5E9d8BAf0edAc6f37da032,op-mainnet,147000000,147864449,147859523,0x356199d9af643db0e3558bfa1e55eea35e7c2a2a249215ecb7e38ed95807635a,0x6ab760c762cfff43ac8e4dccbf3e6a6bf0f0bb9456c35265582b24f9aa452ec3,359109,single-UserOp bundle; strict disabled
B2_Pimlico,Pimlico ERC-20 Paymaster,0x777777777777AeC03fd955926DbF81597e66834C,0x0000000071727De22E5E9d8BAf0edAc6f37da032,op-mainnet,147000000,147864449,147859524,0x80d956ae55192dfaae5fd25797a71fba300b593f99db879e8bb7b5447dfb0a30,0x5e7679a7dd1e92b63b0435192c046181a24c041ee81a8fb1e6be3c3972238137,359098,single-UserOp bundle; strict disabled
B2_Pimlico,Pimlico ERC-20 Paymaster,0x777777777777AeC03fd955926DbF81597e66834C,0x0000000071727De22E5E9d8BAf0edAc6f37da032,op-mainnet,147000000,147864449,147859530,0x5e8771e20dfe4ca76621429ae27de41fa2cbc9e204f34bbf0917145892c27f9d,0x3616a58a7d341eac15db23435a2c5f17d38ebeb02f1dc2e7ce7c9894f739242c,359071,single-UserOp bundle; strict disabled
B2_Pimlico,Pimlico ERC-20 Paymaster,0x777777777777AeC03fd955926DbF81597e66834C,0x0000000071727De22E5E9d8BAf0edAc6f37da032,op-mainnet,147000000,147864449,147859534,0xe72f87ef3b79487534685f771c7da417a8811acf15306dcee75eaaa905e48326,0x43e057a266233c27eee799c9be2208702ac9b684b45139ff276226f0fa257423,366047,single-UserOp bundle; strict disabled
B2_Pimlico,Pimlico ERC-20 Paymaster,0x777777777777AeC03fd955926DbF81597e66834C,0x0000000071727De22E5E9d8BAf0edAc6f37da032,op-mainnet,147000000,147864449,147859542,0x0ac89a2ec17de955a2c605c898a9c580f911e08a69925b90521a2e5c7a604baf,0xa2f9870f83f9102af52b53b7a452803cdfbc760f6531f8fd4f46968a90757e90,365737,single-UserOp bundle; strict disabled
B2_Pimlico,Pimlico ERC-20 Paymaster,0x777777777777AeC03fd955926DbF81597e66834C,0x0000000071727De22E5E9d8BAf0edAc6f37da032,op-mainnet,145000000,147000000,146995741,0x7a75aa0be584d1f3326c175d9092f1911c359afbcfc8b7056ecf69b802a2bc3a,0x7c0f49a1b99b32be01897ef61e33d2cd58d049d6643efde9a36c8969b3369aff,226227,single-UserOp bundle; strict disabled
B2_Pimlico,Pimlico ERC-20 Paymaster,0x777777777777AeC03fd955926DbF81597e66834C,0x0000000071727De22E5E9d8BAf0edAc6f37da032,op-mainnet,145000000,147000000,146996820,0x34e80716c5d61c00b77fe5efc916cb296db1ead8957ba77d5c0027c8c665ccfb,0x59baf2adbaae977c3fc3d012c3d00cc2f9915e686cf06794473502caae2008bc,613610,single-UserOp bundle; strict disabled
B2_Pimlico,Pimlico ERC-20 Paymaster,0x777777777777AeC03fd955926DbF81597e66834C,0x0000000071727De22E5E9d8BAf0edAc6f37da032,op-mainnet,145000000,147000000,146996833,0x0907b9ddb8bb6ab8013c6cd62bab6dd160232b2158bcd92b7c89e8ef15eb783d,0x795a69a518e23162af688e82612663f875255c3c08aa0efa4bd2590238a5c835,398347,single-UserOp bundle; strict disabled
B2_Pimlico,Pimlico ERC-20 Paymaster,0x777777777777AeC03fd955926DbF81597e66834C,0x0000000071727De22E5E9d8BAf0edAc6f37da032,op-mainnet,145000000,147000000,146998737,0x8e85b5bcd73507eb9b5870887d5308c8436fd51e53e36eac9338e4ae2f367a40,0x7d7d9c7fd5af0f23e4d50a7733992f36b4e7c4c862a5115087593f3f2aea771b,617477,single-UserOp bundle; strict disabled
B2_Pimlico,Pimlico ERC-20 Paymaster,0x777777777777AeC03fd955926DbF81597e66834C,0x0000000071727De22E5E9d8BAf0edAc6f37da032,op-mainnet,145000000,147000000,146990008,0x8c91376f3f2c83995a2fe7da959287fd06fbc3415c8f68d8a1d9db19e3e8d096,0xd6a699f0e2c805845744efb56acb87d4af3f1388965eaed26ec2fd126ed963ed,476621,single-UserOp bundle; strict disabled
B2_Pimlico,Pimlico ERC-20 Paymaster,0x777777777777AeC03fd955926DbF81597e66834C,0x0000000071727De22E5E9d8BAf0edAc6f37da032,op-mainnet,145000000,147000000,146990017,0x0791984363d9d88a02a471f54903cfc2015f512c325e6c00b5daf7f2606dffcd,0x49349357d5e659d8ae7385f73c47f6353c2e00684c273d564fd822c886e7d9b6,594573,single-UserOp bundle; strict disabled
B2_Pimlico,Pimlico ERC-20 Paymaster,0x777777777777AeC03fd955926DbF81597e66834C,0x0000000071727De22E5E9d8BAf0edAc6f37da032,op-mainnet,145000000,147000000,146990028,0x05d7e093b0720fc439f6df87619047586f839f27a712ac8adb571c05935c8676,0xc78ace1b834858500633c25ea88393db62d0c08d41938d48323722ee7298a7a8,352197,single-UserOp bundle; strict disabled
B2_Pimlico,Pimlico ERC-20 Paymaster,0x777777777777AeC03fd955926DbF81597e66834C,0x0000000071727De22E5E9d8BAf0edAc6f37da032,op-mainnet,145000000,147000000,146990038,0xab25174b9c548574f72c4c38d636eed4e9ba38a549bf2a729a0e989dcc763091,0x67f72971263a0b50fac4bcac82c77e7e428fb1c85b0801ce9c1dbce0858967ee,638104,single-UserOp bundle; strict disabled
B1_Alchemy,Alchemy Gas Manager,0x4Fd9098af9ddcB41DA48A1d78F91F1398965addc,0x5FF137D4b0FDCD49DcA30c7CF57E578a026d2789,op-mainnet,130000000,147864449,147666205,0x6c39341863d780b7fb9c71db4a92e591826712c5dd229d4e0713a154f330c197,0x0e9b7aaf33c36996c874c3aa7176c711292d34119cc7623ca4340c370fce1339,229146,single-UserOp bundle; execute->ERC20 transfer
B1_Alchemy,Alchemy Gas Manager,0x4Fd9098af9ddcB41DA48A1d78F91F1398965addc,0x5FF137D4b0FDCD49DcA30c7CF57E578a026d2789,op-mainnet,130000000,147864449,147545219,0x1e64acff1f952e006ef6c5f1a614da341d0a6df8ed5e6f20c8fab7846d91168e,0x1f7e9edf2d6dcdae743f53af025669709bd397c9a139bf4cf987c1fe4cde98c3,210612,single-UserOp bundle; execute->ERC20 transfer
B1_Alchemy,Alchemy Gas Manager,0x4Fd9098af9ddcB41DA48A1d78F91F1398965addc,0x5FF137D4b0FDCD49DcA30c7CF57E578a026d2789,op-mainnet,130000000,147864449,147545255,0x283bba5ef6407d67b4122d7b172b4be77737aa192aa9ebc36545438a94b9dd60,0xf3e183a17bd3683d3fedde166f5a4f7d3f15aaabb7dd0641f936964e74680816,193446,single-UserOp bundle; execute->ERC20 transfer
B1_Alchemy,Alchemy Gas Manager,0x4Fd9098af9ddcB41DA48A1d78F91F1398965addc,0x5FF137D4b0FDCD49DcA30c7CF57E578a026d2789,op-mainnet,130000000,147864449,147535618,0x795db8142533bde95c3e7b093199e7f26df46a2098137f1f7c6f24ae7e9a0bf4,0x3966d0a28626c22bf4f03c141ea64d5e12d7e6e2da4005250c279fcd208eb715,236920,single-UserOp bundle; execute->ERC20 transfer
B1_Alchemy,Alchemy Gas Manager,0x4Fd9098af9ddcB41DA48A1d78F91F1398965addc,0x5FF137D4b0FDCD49DcA30c7CF57E578a026d2789,op-mainnet,130000000,147864449,147485509,0xa050d40b8452f5198017859cef326e869be4ec1ae832a2ca469aed41143d9e6a,0x29124ccd28a2b764031252a5f76f58c6c165d68dd54821d35f4ea07a214de00a,232633,single-UserOp bundle; execute->ERC20 transfer
B1_Alchemy,Alchemy Gas Manager,0x4Fd9098af9ddcB41DA48A1d78F91F1398965addc,0x5FF137D4b0FDCD49DcA30c7CF57E578a026d2789,op-mainnet,130000000,147864449,147455728,0x7ee339005c8cd6f121c74d4c2717c098137c852110143fd214c6f341ee5537a1,0x1c41608abe75b58811ff184a06df2e20871fe07669d7efe31a8931e278c20192,221697,single-UserOp bundle; execute->ERC20 transfer
B1_Alchemy,Alchemy Gas Manager,0x4Fd9098af9ddcB41DA48A1d78F91F1398965addc,0x5FF137D4b0FDCD49DcA30c7CF57E578a026d2789,op-mainnet,130000000,147864449,147456044,0xa2ca584fb0ffea1d8747443ab922f6f0881027aac052be3fcc82ec44b662452f,0x433e0188cd03a197e7efae8575eced56a6d077d1e3974f46cb208694bf55145f,221648,single-UserOp bundle; execute->ERC20 transfer
B1_Alchemy,Alchemy Gas Manager,0x4Fd9098af9ddcB41DA48A1d78F91F1398965addc,0x5FF137D4b0FDCD49DcA30c7CF57E578a026d2789,op-mainnet,130000000,147864449,147456236,0x72d97d77a5ff8dabcc594fd0b7fdc517f002976c57ee975d75cdfc8ef072279a,0x3ac1bdd20b5a43ba2cdacdd8e729047c4914fdef1c44de90049b61282a460a04,222668,single-UserOp bundle; execute->ERC20 transfer
B1_Alchemy,Alchemy Gas Manager,0x4Fd9098af9ddcB41DA48A1d78F91F1398965addc,0x5FF137D4b0FDCD49DcA30c7CF57E578a026d2789,op-mainnet,130000000,147864449,147456945,0xefa6f176a0a6171852330f7f7f7cac0f08ba3212557b54a12244675d83bb0e41,0xc357e2e93d737c04a041423d3222e4e132e6c91892f0eb8abafc683eecdb04e2,222956,single-UserOp bundle; execute->ERC20 transfer
B1_Alchemy,Alchemy Gas Manager,0x4Fd9098af9ddcB41DA48A1d78F91F1398965addc,0x5FF137D4b0FDCD49DcA30c7CF57E578a026d2789,op-mainnet,130000000,147864449,147439118,0xdfefa7b8dc66dec70933efb9cd31e61ca2838801fa8685e6310f077bdfb15a1e,0x52f295d829b167e7d9841dee0514cf26c4c84d1a891fcb96439e356639fa962f,233388,single-UserOp bundle; execute->ERC20 transfer
B1_Alchemy,Alchemy Gas Manager,0x4Fd9098af9ddcB41DA48A1d78F91F1398965addc,0x5FF137D4b0FDCD49DcA30c7CF57E578a026d2789,op-mainnet,130000000,147864449,147439153,0x641013a91333a6c3ccd43a9225b77357129cada34ea390bdafc92cea4ee9c895,0x3364a10babb613ae3bde53bd980eb4aeff4061b8146a3ba9287bc34dce6b9b4c,199740,single-UserOp bundle; execute->ERC20 transfer
B1_Alchemy,Alchemy Gas Manager,0x4Fd9098af9ddcB41DA48A1d78F91F1398965addc,0x5FF137D4b0FDCD49DcA30c7CF57E578a026d2789,op-mainnet,130000000,147864449,147350754,0xfb5acfa7c9025c17fd1dc9a9bbda766eb953bad0dfe9720320421f514ba37475,0x7a2c97e2d53ac12faa3d181630a037dd95f4b0275750e3c223806c37829cd11f,393982,single-UserOp bundle; execute->ERC20 transfer
B1_Alchemy,Alchemy Gas Manager,0x4Fd9098af9ddcB41DA48A1d78F91F1398965addc,0x5FF137D4b0FDCD49DcA30c7CF57E578a026d2789,op-mainnet,130000000,147864449,147333256,0x77214eaee7ddd86c381bd6160b2c9d6656e8331ed79905410ad91f2375a6956d,0x597ebc4a313fbf7b2b331bdefe5fc8c55845e086304e69bed26bdf77d6fab527,247018,single-UserOp bundle; execute->ERC20 transfer
B1_Alchemy,Alchemy Gas Manager,0x4Fd9098af9ddcB41DA48A1d78F91F1398965addc,0x5FF137D4b0FDCD49DcA30c7CF57E578a026d2789,op-mainnet,130000000,147864449,147277064,0x2fec104812c083a9763c4bb3cfd8c0b9a29b3bb352db434be3382f5c63bc13c5,0x7e31bd0fc2b0aa4af49a743b65c4f952f6072009570206f0ed650020db186dcd,297909,single-UserOp bundle; execute->ERC20 transfer
B1_Alchemy,Alchemy Gas Manager,0x4Fd9098af9ddcB41DA48A1d78F91F1398965addc,0x5FF137D4b0FDCD49DcA30c7CF57E578a026d2789,op-mainnet,130000000,147864449,147218653,0x3708dfdfc37608204cdae002d060aebc036bb2a48e9311c8b6f50e96f5560af6,0xeb83293f05153c962f83296048df3946235aa8890ff73f5d2246fdd4f3e76713,412246,single-UserOp bundle; execute->ERC20 transfer
B1_Alchemy,Alchemy Gas Manager,0x4Fd9098af9ddcB41DA48A1d78F91F1398965addc,0x5FF137D4b0FDCD49DcA30c7CF57E578a026d2789,op-mainnet,130000000,147864449,147200762,0xc67534c2433fe8b91008889aea90e8fdfa9d65bd3ea6b6589b3cdeb43dfcbfea,0x00e92bb7e833acb700f07ec46542f0503116d25a91c0158be5c2efcd4f7660d8,216479,single-UserOp bundle; execute->ERC20 transfer
B1_Alchemy,Alchemy Gas Manager,0x4Fd9098af9ddcB41DA48A1d78F91F1398965addc,0x5FF137D4b0FDCD49DcA30c7CF57E578a026d2789,op-mainnet,130000000,147864449,147181345,0x86fb0083afe29a92c5d33fc35a0f62eeaec8443b8d1c5482984453e578105c08,0xcf7b350015de4e4eaf01d19237c30167619cfd60d04d7e1a4dfe4d3b05fb6a77,298816,single-UserOp bundle; execute->ERC20 transfer
B1_Alchemy,Alchemy Gas Manager,0x4Fd9098af9ddcB41DA48A1d78F91F1398965addc,0x5FF137D4b0FDCD49DcA30c7CF57E578a026d2789,op-mainnet,130000000,147864449,147156843,0xef3d55755456d41d1386a229dfd8e7774d982dc82070374135c956e2ef07624e,0x9ac3bc2b2674f0ee951ec7eca424461d7b53e94da2446ea5bd72562006029fc3,232235,single-UserOp bundle; execute->ERC20 transfer
B1_Alchemy,Alchemy Gas Manager,0x4Fd9098af9ddcB41DA48A1d78F91F1398965addc,0x5FF137D4b0FDCD49DcA30c7CF57E578a026d2789,op-mainnet,130000000,147864449,147162282,0x78b947d6ae6306fc2363802023ceb5bb70ccbbce77953fdb611c7f8c18dd86c1,0x3b1aa34d29a0b5410178662362f45020075e0bb803c00bb7838f16e29ddc1707,214397,single-UserOp bundle; execute->ERC20 transfer
B1_Alchemy,Alchemy Gas Manager,0x4Fd9098af9ddcB41DA48A1d78F91F1398965addc,0x5FF137D4b0FDCD49DcA30c7CF57E578a026d2789,op-mainnet,130000000,147864449,147140272,0x3abdce22a425974247cce18008d2b9062c98f76c2badee125f414b38c8be7238,0x04475eb3556dbb8f773018e9b0d5c486d1c23006413b97a11f5ec81522572143,488036,single-UserOp bundle; execute->ERC20 transfer
B1_Alchemy,Alchemy Gas Manager,0x4Fd9098af9ddcB41DA48A1d78F91F1398965addc,0x5FF137D4b0FDCD49DcA30c7CF57E578a026d2789,op-mainnet,130000000,147864449,147109644,0x90301b770ac632cb120fa200bb8a098f12305c68640cf95ba679d6c70179d2c8,0xee431e771c75b34928ba80405740e6316bb0a5e15bd2a9f63c1f9a5712215d8a,219128,single-UserOp bundle; execute->ERC20 transfer
B1_Alchemy,Alchemy Gas Manager,0x4Fd9098af9ddcB41DA48A1d78F91F1398965addc,0x5FF137D4b0FDCD49DcA30c7CF57E578a026d2789,op-mainnet,130000000,147864449,147071453,0x8a89aecd63ccaa9c829057ababb3603d7ec9d92d68f52eea4d5698f91d76a588,0x3877fac737413e02b3167e00460e34418456c9e0d329db863d44a476ad70d690,230640,single-UserOp bundle; execute->ERC20 transfer
B1_Alchemy,Alchemy Gas Manager,0x4Fd9098af9ddcB41DA48A1d78F91F1398965addc,0x5FF137D4b0FDCD49DcA30c7CF57E578a026d2789,op-mainnet,130000000,147864449,147020084,0xd62d8df28ecc591146674b4267694639b119b157d8ba174081898290f5140fd7,0xeef1168b977e5ff19c6713551c080efea10e9d3c82b5ca992e18b7d12becad46,243237,single-UserOp bundle; execute->ERC20 transfer
B1_Alchemy,Alchemy Gas Manager,0x4Fd9098af9ddcB41DA48A1d78F91F1398965addc,0x5FF137D4b0FDCD49DcA30c7CF57E578a026d2789,op-mainnet,130000000,147864449,146931280,0xdb68d6c7ad291eb17c4d5cb47f23e6d4fdf8b7845b39605abf44a6d378177def,0x46b6826a976a5dbc32fc4e3c49213898833525bcd490c1e06a5d263e677c8164,197222,single-UserOp bundle; execute->ERC20 transfer
B1_Alchemy,Alchemy Gas Manager,0x4Fd9098af9ddcB41DA48A1d78F91F1398965addc,0x5FF137D4b0FDCD49DcA30c7CF57E578a026d2789,op-mainnet,130000000,147864449,146924212,0x534e842f889bbc50a9b0200b96c2bf6a1e01c1536bc9cdbe7613e9ff8256c71d,0x3ed4dd71861cce688db2def5cb3b22718327793d92368c0444511e0c79345c5e,423544,single-UserOp bundle; execute->ERC20 transfer
B1_Alchemy,Alchemy Gas Manager,0x4Fd9098af9ddcB41DA48A1d78F91F1398965addc,0x5FF137D4b0FDCD49DcA30c7CF57E578a026d2789,op-mainnet,130000000,147864449,146863588,0x233b067607cfd29c5448e07c80d23bb4009fd921df3b45a1714cb3e5a90c2b01,0xcbd8f515ee3f67cbdca80fc17260699150f52f8e12efba0e615b021cbb239eaa,226110,single-UserOp bundle; execute->ERC20 transfer
B1_Alchemy,Alchemy Gas Manager,0x4Fd9098af9ddcB41DA48A1d78F91F1398965addc,0x5FF137D4b0FDCD49DcA30c7CF57E578a026d2789,op-mainnet,130000000,147864449,146844077,0x52fddb9efe3f675b8985e067aec598b4f62f8f6c84c64a2101c11dbf1ab34069,0x2b2be661a9b2f5f8686139319bbfd8476efa5d11e0998a28344d6aeac57e97a7,209841,single-UserOp bundle; execute->ERC20 transfer
B1_Alchemy,Alchemy Gas Manager,0x4Fd9098af9ddcB41DA48A1d78F91F1398965addc,0x5FF137D4b0FDCD49DcA30c7CF57E578a026d2789,op-mainnet,130000000,147864449,146768144,0x43bbe0160edb214fac52be17e9e85cbd1680a4c05dcc7fcfa57eb80f61737958,0xbb33e70ee8c1fbe612d3a2e5abfdd7cd5fa7313b7490e71e42e1f20d98e07b28,266296,single-UserOp bundle; execute->ERC20 transfer
B1_Alchemy,Alchemy Gas Manager,0x4Fd9098af9ddcB41DA48A1d78F91F1398965addc,0x5FF137D4b0FDCD49DcA30c7CF57E578a026d2789,op-mainnet,130000000,147864449,146684985,0x9d5036e28bebf5af0d76426023db838675aaf416d48b63613df696ee95ee2ab6,0x2709b5206b7a27f5701aef51fe66901e0df359dc6585a9e6aebae430052dbaee,294623,single-UserOp bundle; execute->ERC20 transfer
B1_Alchemy,Alchemy Gas Manager,0x4Fd9098af9ddcB41DA48A1d78F91F1398965addc,0x5FF137D4b0FDCD49DcA30c7CF57E578a026d2789,op-mainnet,130000000,147864449,146679064,0x74ab430486bdb5dd024c30b0eb31c3d07085c9a74c99807bfcc44b317160e60e,0x14ad1a07086835b3f5a1d86ac1abe7605c0796c5ef38f7e3f41eb5a984a2e9d7,314737,single-UserOp bundle; execute->ERC20 transfer
B1_Alchemy,Alchemy Gas Manager,0x4Fd9098af9ddcB41DA48A1d78F91F1398965addc,0x5FF137D4b0FDCD49DcA30c7CF57E578a026d2789,op-mainnet,130000000,147864449,146655068,0x51cc611256794890627b1771c47ce46873a5c7ccb6796b2804b9015aecb89063,0x5c53228e64386923640025dee50f4033a604c9228f8e8d3b924e7c30a103b147,288630,single-UserOp bundle; execute->ERC20 transfer
B1_Alchemy,Alchemy Gas Manager,0x4Fd9098af9ddcB41DA48A1d78F91F1398965addc,0x5FF137D4b0FDCD49DcA30c7CF57E578a026d2789,op-mainnet,130000000,147864449,146379339,0x1aeee33c41449fb9161928b45f74a21c16637ca59c06aae678be54737a55b7ef,0x9c5ada3cd08c97d459ab5e8dc191c97f22a05bb6c99422f00b1d8fa5fdc424ac,305727,single-UserOp bundle; execute->ERC20 transfer
B1_Alchemy,Alchemy Gas Manager,0x4Fd9098af9ddcB41DA48A1d78F91F1398965addc,0x5FF137D4b0FDCD49DcA30c7CF57E578a026d2789,op-mainnet,130000000,147864449,146379724,0x2664319a18550d52bf13943d56928acbc8e35e681541a35ae84bfe819fb2aae6,0x1fb35b695c9da250de6662c609e9bf822a4d7b9b957f42c697ba809150bda931,266537,single-UserOp bundle; execute->ERC20 transfer
B1_Alchemy,Alchemy Gas Manager,0x4Fd9098af9ddcB41DA48A1d78F91F1398965addc,0x5FF137D4b0FDCD49DcA30c7CF57E578a026d2789,op-mainnet,130000000,147864449,146381191,0xb8745ff883460b97505d208f6d95443493c8cd755bc358449b54f6e79bc4b1ca,0xf0d75e76f5a72e7f7233150e52d22f377dbbffeae242a84b7c9aadf3720f894b,246702,single-UserOp bundle; execute->ERC20 transfer
B1_Alchemy,Alchemy Gas Manager,0x4Fd9098af9ddcB41DA48A1d78F91F1398965addc,0x5FF137D4b0FDCD49DcA30c7CF57E578a026d2789,op-mainnet,130000000,147864449,146367043,0x63503717c8b827e603ef53fce3456f5faaec7623a8e6067831245ea3980bcc1b,0x13f68b55f96b3de461ca013f8c216e63c7158160f653cd38ecfe5c553097a78d,239338,single-UserOp bundle; execute->ERC20 transfer
B1_Alchemy,Alchemy Gas Manager,0x4Fd9098af9ddcB41DA48A1d78F91F1398965addc,0x5FF137D4b0FDCD49DcA30c7CF57E578a026d2789,op-mainnet,130000000,147864449,146357350,0x8029322e6c63760451447a561b2ef9d257325a9f5ff3bfa5eacc715cb2ffc24e,0xd3d055fee1b229379b2aa35b153e0d855e24ed7669f56be557f0918784e2dd0c,384456,single-UserOp bundle; execute->ERC20 transfer
B1_Alchemy,Alchemy Gas Manager,0x4Fd9098af9ddcB41DA48A1d78F91F1398965addc,0x5FF137D4b0FDCD49DcA30c7CF57E578a026d2789,op-mainnet,130000000,147864449,146326786,0xa3bccfa1c8da76f9fda6603f9cff96620589d5b4561e8d62fb7356541b1e4fa3,0x6252047b3d2fca281b8bc703ab20a39d9277d464b4324a2fbe0f2798fd1c3c2e,244037,single-UserOp bundle; execute->ERC20 transfer
B1_Alchemy,Alchemy Gas Manager,0x4Fd9098af9ddcB41DA48A1d78F91F1398965addc,0x5FF137D4b0FDCD49DcA30c7CF57E578a026d2789,op-mainnet,130000000,147864449,146273501,0x8e7f9bf2e9bf8ca36f1b37a3f48036c5d39de35cabadb54e12a7e0e2493474c2,0x2cb0e42b01fa1cdc1e30bb16ce16b24e8f60d7523da49d3f18f5368a22555df7,282833,single-UserOp bundle; execute->ERC20 transfer
B1_Alchemy,Alchemy Gas Manager,0x4Fd9098af9ddcB41DA48A1d78F91F1398965addc,0x5FF137D4b0FDCD49DcA30c7CF57E578a026d2789,op-mainnet,130000000,147864449,146274125,0x7f4d5904681d85de7215678ab919c15b83ba677b9047f9d3d9130c8aa2a44288,0x26c66dec481684e3ae3a242d06280bb4f63e6c338f7b856a20f28588cc60f5fe,275908,single-UserOp bundle; execute->ERC20 transfer
B1_Alchemy,Alchemy Gas Manager,0x4Fd9098af9ddcB41DA48A1d78F91F1398965addc,0x5FF137D4b0FDCD49DcA30c7CF57E578a026d2789,op-mainnet,130000000,147864449,146258509,0x58f129cd79b1910abf141f3b18922aebdbe3a51b47bc9795c848d5b148c2d7e2,0x71acfa62cb9c8fe559e187b5ec117b87bea3721ab7991aa4f639e187725bafab,248348,single-UserOp bundle; execute->ERC20 transfer
B1_Alchemy,Alchemy Gas Manager,0x4Fd9098af9ddcB41DA48A1d78F91F1398965addc,0x5FF137D4b0FDCD49DcA30c7CF57E578a026d2789,op-mainnet,130000000,147864449,146254148,0x6663c2b7b7b49b4458bf90eb6938b05bd5f247901a07b34a33d7cf2453450df3,0x6ce8cbbbdab7300859b2f22153362d63a72646f11aabd1800ec0ae67de2d217f,245451,single-UserOp bundle; execute->ERC20 transfer
B1_Alchemy,Alchemy Gas Manager,0x4Fd9098af9ddcB41DA48A1d78F91F1398965addc,0x5FF137D4b0FDCD49DcA30c7CF57E578a026d2789,op-mainnet,130000000,147864449,146235071,0xf1fa75b75cd1b8226dc832e5b9928470d33c16363379bd9249442bf63498da59,0xf64ba42f8dc715167a882d19bcba06b2103a21544ebfb06313de4a323f4b5611,249882,single-UserOp bundle; execute->ERC20 transfer
