txHash,userOpHash,testType,network,timestamp,logFile,success
0xc30cfcbbd448112e8a7d781f4e790f966d3604d99a212a1eff7cff74e665c287,0x848f69e018fec900aefe593fb8f42a70a3ab8e3837ffb8c1d534959c156f1986,Jason AA2 Gasless,sepolia,2026-01-16T16:01:12.000Z,l4_regression_sepolia_20260116_230112.log,true
0xc30cfcbbd448112e8a7d781f4e790f966d3604d99a212a1eff7cff74e665c287,0x848f69e018fec900aefe593fb8f42a70a3ab8e3837ffb8c1d534959c156f1986,Jason AA2 Gasless,sepolia,2026-01-16T16:01:12.000Z,l4_regression_sepolia_20260116_230112.log,true
0x7d9334789ac2e527cfd325452f34f0cd61c227b593562fd5857b3696c428e301,0x8c1f82edf96e52b5c1f062ed0c90caa797ae0d8d1097d6cb7c0c67685dcea565,Jason AA2 Gasless,sepolia,2026-01-16T16:07:44.000Z,l4_regression_sepolia_20260116_230744.log,true
0x7d9334789ac2e527cfd325452f34f0cd61c227b593562fd5857b3696c428e301,0x8c1f82edf96e52b5c1f062ed0c90caa797ae0d8d1097d6cb7c0c67685dcea565,Jason AA2 Gasless,sepolia,2026-01-16T16:07:44.000Z,l4_regression_sepolia_20260116_230744.log,true
0x7aa04016dda602f548cc9c7e3f992c9744e7fd067768bb408c45b81e4bd59f3c,0xf41e4f07282f54c5f9205dd3490fdbf123ed3b5a50d9e04824ab08f97a34bd08,Jason AA2 Gasless,sepolia,2026-01-16T16:14:01.000Z,l4_regression_sepolia_20260116_231401.log,true
0x7aa04016dda602f548cc9c7e3f992c9744e7fd067768bb408c45b81e4bd59f3c,0xf41e4f07282f54c5f9205dd3490fdbf123ed3b5a50d9e04824ab08f97a34bd08,Jason AA2 Gasless,sepolia,2026-01-16T16:14:01.000Z,l4_regression_sepolia_20260116_231401.log,true
0xbabfcb0c12c02d0e5d897e7e3f8609d1017c589e59fbe99bef278b7f2b2ee6d1,0x965b7aacd9af830a5608aa8f369f4628fe27c3c710cd096d1c29e26494eb2f54,Jason AA2 Gasless,sepolia,2026-01-16T16:17:31.000Z,l4_regression_sepolia_20260116_231731.log,true
0xbabfcb0c12c02d0e5d897e7e3f8609d1017c589e59fbe99bef278b7f2b2ee6d1,0x965b7aacd9af830a5608aa8f369f4628fe27c3c710cd096d1c29e26494eb2f54,Jason AA2 Gasless,sepolia,2026-01-16T16:17:31.000Z,l4_regression_sepolia_20260116_231731.log,true
0xa7752ec38f26b59345a617db1f1e4d99dd1462940baefecb67f5cbf623f6f55a,0xb4038223f27b25111f47007a72cf57e048c9cf4e20c67acc10438d307d1dfb74,Anni Gasless,sepolia,2026-01-16T16:17:31.000Z,l4_regression_sepolia_20260116_231731.log,true
0xa7752ec38f26b59345a617db1f1e4d99dd1462940baefecb67f5cbf623f6f55a,0xb4038223f27b25111f47007a72cf57e048c9cf4e20c67acc10438d307d1dfb74,Anni Gasless,sepolia,2026-01-16T16:17:31.000Z,l4_regression_sepolia_20260116_231731.log,true
0x98ba5b6c41c35a810d53823de5d2e1eb9c0b8765f7be88356e713baeed5c01f9,0x7ea541c90822896fc375feb253dd38f5e76163f9879130958794b4d94861d7f4,Jason AA2 Gasless,sepolia,2026-01-16T16:37:45.000Z,l4_regression_sepolia_20260116_233745.log,true
0x98ba5b6c41c35a810d53823de5d2e1eb9c0b8765f7be88356e713baeed5c01f9,0x7ea541c90822896fc375feb253dd38f5e76163f9879130958794b4d94861d7f4,Jason AA2 Gasless,sepolia,2026-01-16T16:37:45.000Z,l4_regression_sepolia_20260116_233745.log,true
0x7e43cfdec82c3e18551e0f8954a9f9c6a0280d8b1d2e3b9bb255ba916a47c374,0x155ec66bf012c3c7b4ba36edfe08cb602dbe2ad18bc47453e160ff1ab3404416,Anni Gasless,sepolia,2026-01-16T16:37:45.000Z,l4_regression_sepolia_20260116_233745.log,true
0x7e43cfdec82c3e18551e0f8954a9f9c6a0280d8b1d2e3b9bb255ba916a47c374,0x155ec66bf012c3c7b4ba36edfe08cb602dbe2ad18bc47453e160ff1ab3404416,Anni Gasless,sepolia,2026-01-16T16:37:45.000Z,l4_regression_sepolia_20260116_233745.log,true
0xc88cd3487588f159522efb2b68333724b19db34cb71ccc6bb443d3c6303713de,0x6db1a23dfd26ab59d71818e1feee48ed859b3a518be33ef7102b29ed696e7499,Jason AA2 Gasless,sepolia,2026-01-16T17:03:53.000Z,l4_regression_sepolia_20260117_000353.log,true
0xc88cd3487588f159522efb2b68333724b19db34cb71ccc6bb443d3c6303713de,0x6db1a23dfd26ab59d71818e1feee48ed859b3a518be33ef7102b29ed696e7499,Jason AA2 Gasless,sepolia,2026-01-16T17:03:53.000Z,l4_regression_sepolia_20260117_000353.log,true
0x3c046c928705993d6ce5860454f2c51502fec56ba4226ca7f94c47dbca0f3b52,0x8a89a407cc27473738addc141afebcc64eb95f9b328985d2805bc5dd6f4654f2,Anni Gasless,sepolia,2026-01-16T17:03:53.000Z,l4_regression_sepolia_20260117_000353.log,true
0x3c046c928705993d6ce5860454f2c51502fec56ba4226ca7f94c47dbca0f3b52,0x8a89a407cc27473738addc141afebcc64eb95f9b328985d2805bc5dd6f4654f2,Anni Gasless,sepolia,2026-01-16T17:03:53.000Z,l4_regression_sepolia_20260117_000353.log,true
0xbbf3ce24c5080c175ea1937636dbaaa61ffec75a0d4250b03b24e594955b9326,0x88c2fae9dafe2d27165a84c8f45024a825b41f4fc4730f546c06559337dad55e,Jason AA2 Gasless,sepolia,2026-01-17T02:46:43.000Z,l4_regression_sepolia_20260117_094643.log,true
0xbbf3ce24c5080c175ea1937636dbaaa61ffec75a0d4250b03b24e594955b9326,0x88c2fae9dafe2d27165a84c8f45024a825b41f4fc4730f546c06559337dad55e,Jason AA2 Gasless,sepolia,2026-01-17T02:46:43.000Z,l4_regression_sepolia_20260117_094643.log,true
0x3d7f85e1fa428a003c906a56cdebf7d98af40be707aafbccdbe0dabe75d4fff1,0x4e75c64ecbac83af7b3dcf1428170d4a9671d481ff0bef255d48737fcefda3b7,Jason AA2 Gasless,sepolia,2026-01-17T08:18:48.000Z,l4_regression_sepolia_20260117_151848.log,true
0x3d7f85e1fa428a003c906a56cdebf7d98af40be707aafbccdbe0dabe75d4fff1,0x4e75c64ecbac83af7b3dcf1428170d4a9671d481ff0bef255d48737fcefda3b7,Jason AA2 Gasless,sepolia,2026-01-17T08:18:48.000Z,l4_regression_sepolia_20260117_151848.log,true
0x8b2fa44536aaf7c83d09ab9129b9ec5d57924674e1016f3a714110f7f36e3bba,0x68db1e05100d4fada330e0a4f48bd331f5c2653a1efef6a2b32ec30ed3f60ea7,Anni Gasless,sepolia,2026-01-17T08:18:48.000Z,l4_regression_sepolia_20260117_151848.log,true
0x8b2fa44536aaf7c83d09ab9129b9ec5d57924674e1016f3a714110f7f36e3bba,0x68db1e05100d4fada330e0a4f48bd331f5c2653a1efef6a2b32ec30ed3f60ea7,Anni Gasless,sepolia,2026-01-17T08:18:48.000Z,l4_regression_sepolia_20260117_151848.log,true
0x1d4ec2a01d53a4a4427474605cdac45d92706efe0facfb3ba932b97ff91194fc,0x9e270a492b64321c9d9109c7cb37cd5eb16c3893a2f93a7ed43b997a0abfc6ee,Jason AA2 Gasless,sepolia,2026-01-19T03:06:38.000Z,l4_regression_sepolia_20260119_100638.log,true
0x1d4ec2a01d53a4a4427474605cdac45d92706efe0facfb3ba932b97ff91194fc,0x9e270a492b64321c9d9109c7cb37cd5eb16c3893a2f93a7ed43b997a0abfc6ee,Jason AA2 Gasless,sepolia,2026-01-19T03:06:38.000Z,l4_regression_sepolia_20260119_100638.log,true
0xba5115b3d53c823d148e91cb2bfb3a1d743c30ab82b5cec992e654954870827f,0xe4aca6a9c630b0ab59fbe39ffe6f7d4866b28564540382595b4628cf01bad0ec,Anni Gasless,sepolia,2026-01-19T03:06:38.000Z,l4_regression_sepolia_20260119_100638.log,true
0xba5115b3d53c823d148e91cb2bfb3a1d743c30ab82b5cec992e654954870827f,0xe4aca6a9c630b0ab59fbe39ffe6f7d4866b28564540382595b4628cf01bad0ec,Anni Gasless,sepolia,2026-01-19T03:06:38.000Z,l4_regression_sepolia_20260119_100638.log,true