Label,TxHash,BlockNumber,TimeStamp
JasonAA2,0xcb81a2a655f6753e4859c75d53c1e0edaca2dfc784432d706bbe3df2d6940935,147787245,1771173267
JasonAA2,0x83c17ca590f5c0ce6673a3575825cf9fbceb2ed56dc988e4f2350d7a2301d199,147787241,1771173259
JasonAA2,0x6a550203d6627867629cc807768d6ff1069266fb6aaa22f703fb094aba830f9f,147787238,1771173253
JasonAA2,0x7cbc7b07fef6527629d7084590ed3a1fe142e6d98147eddfe6560b5d4f4dd653,147787235,1771173247
JasonAA2,0x2e61201f2816742cf88280302f1b003ed6663d01c526a0b64881f112c60e4f65,147787136,1771173049
JasonAA2,0x943a45432dd23c84fde59db0e7633e4fcf7a149221b6a55ce9d9909aee4118e7,147787131,1771173039
JasonAA2,0xac4c240dde2d1a3fc4dfc429b9688e1497fe32b9579dac17cfb6fa049943e9aa,147787128,1771173033
JasonAA2,0x3fd2731b14c26165e2ba2463ab009d283ced19183b549101c522cfe235b1a9a1,147787125,1771173027
JasonAA2,0xe976fe05c26644c2bc48f8edecf4ac915e270fd3e78efc22c7ff445ad7fe2d4a,147786908,1771172593
JasonAA2,0x8ed91b34be9832180ee1df4f8023d2f5950d433f72c04447f49832557e0e8a65,147786904,1771172585
JasonAA2,0xdfc54c80d2bac8a49aca92185569210b571ebb4eff9cbbcd5bdeac60a29960e8,147786901,1771172579
JasonAA2,0xe430503a8f539fd5bd40088f115547690015a646dbf439d2b9d8c5a6c275bb15,147786898,1771172573
JasonAA2,0x077b4e9f361230234306c7dd407f4cfe12115d1de979f49cf0c04ce03f72c0d5,147786837,1771172451
JasonAA2,0x4d9a7d9fea0016e6fb122e534c529cfde58b5c2ca2c00a715218ca25a5f2bd63,147786833,1771172443
JasonAA2,0x7ef37777a6c9d8a47112f0a5b7c91a1a2d2cb4a1978cb209b9344d4a2b1abafd,147786831,1771172439
JasonAA2,0x4aac823ee0fe88c48004101f3001b4c0249908f2da7d9dd0db65c00f7e529604,147786829,1771172435
JasonAA2,0x19dd8084e45053b476e8a871448743013821166387f18875a13664428564bd29,147786368,1771171513
JasonAA2,0xee98e3b4b0206945881798f7ceda92c2cab497c9c6c51b51f6c394d9bb6057de,147786363,1771171503
JasonAA2,0xf37f38e00f5a4a98b09abf3c45d6cf1247343f77cbd93e318a50c43a8b8a8f88,147786359,1771171495
JasonAA2,0xe731bb7342308170bf1b2c9cc26d5dbd9c33ede5b7d328672e56e73ac174be68,147741518,1771081813
JasonAA2,0xfd08e73fc32b6dd2c80729f481f14c8bba6a8521388b99c28e54f21ce0617f81,147741514,1771081805
JasonAA2,0x6f06cb0222101d143e5d68a20d5695bbbac67af2c4128d17a82f4b6c247b995c,147741512,1771081801
JasonAA2,0xf78929257acaa30c6968317db6472f73d84bebbdf2e9b6d9b21c24ee8a82dbd8,147741510,1771081797
JasonAA2,0x981113a0bfaa1614fe7c47dd42105ce7d5eef8f2e8302897a0561a484cb55bca,147741506,1771081789
JasonAA2,0xa38f6b77108d1a161aa1871c0dc1d7d640b3e56328461ab37ad7f7481f666204,147741503,1771081783
JasonAA2,0x1ed5256334af01810ada321cadc2c9c37b5bb347d1ebc12737677620377182f7,147741501,1771081779
JasonAA2,0xe997b4abfeaf0d6695ae8347861dd3a3b70fa2c296f6e6ab6a18d8c21fcde12f,147741497,1771081771
JasonAA2,0x1e139b429083d536211c3d1e44dff65c09a6087b6ea025aeab4c3aacdd7b1e7e,147741494,1771081765
JasonAA2,0x2cc8c0f2feb89e5abce689cce1f1903cf3ae1f7c46e063a84ec920a1d6b7ae2c,147741492,1771081761
JasonAA2,0xbe9408a84727030c62ce740f9a12d73bafbb8d74c9b273a31c1a8c96501a7ce3,147741487,1771081751
JasonAA2,0xca4533f8bc76a2e137d97e75d33b2bf85a5a061bb83f2f21ff43a502a53aefa5,147741485,1771081747
JasonAA2,0x348d77e08afed824de936de2a3a1b35e76b45386d0cbd2ceeac0256f10dc8e96,147741482,1771081741
JasonAA2,0x0438dd41156f9e9de569c02fb2887e773fdfcc625c86b0dc2e1484166202b88a,147741477,1771081731
JasonAA2,0x83da6c58e9af0f452546175e413e995059827abbe8b29e818c9089b665cb272e,147741475,1771081727
JasonAA2,0x05b07a156a012d62ef8373c01e7d4ace55257e940f9f656721e338263e6afdeb,147741438,1771081653
JasonAA2,0x0438e04927b94e585905cdab53a8b85cf810d17ad0c9c2363cd4abd2e09d2485,147741434,1771081645
JasonAA2,0x44ff49bd29fb0f500195934b84202d98408391847193e70fb39f6d391228b14a,147741431,1771081639
JasonAA2,0xa41184a7314d1df852f3e45205ead8ace7c2da480e052768d6e34be33c6983b5,147741429,1771081635
JasonAA2,0x56a7de685d4124f0905566d3061300cb41c1716d7d9c060f621ccbd8b4bb2fea,147741425,1771081627
JasonAA2,0x99ad226d212395deb04221953cb839a91677cf4152b3363688ab9f99b87e4feb,147741423,1771081623
JasonAA2,0x03e224ce9a0133e625c6052fc13b9b6088ba67b5a842efcb3d133451b3ab363c,147741421,1771081619
JasonAA2,0x4015bb368becb76c5e2e560a1dc85ec4dc3f0e9d1080116c602690960f7dcb03,147741418,1771081613
JasonAA2,0x133307e9aafd6763a6f4230042a8aa47d9c6e977f66b6c142ee102ce4286ed07,147741416,1771081609
JasonAA2,0x6215cc3155738ce5d1e1a64b1f407b8367a1709f01504649d1b48c85e66e016e,147741413,1771081603
JasonAA2,0xa0a63a81d4200b178f186b8f6f4e01d5420fbec1f4850dba51047ebb52ca2962,147741409,1771081595
JasonAA2,0x195e115999c510564b224124e0e5a441f8150f74543ea12fa08482cc3232a49d,147741406,1771081589
JasonAA2,0x5fd5096dbbf5933853d66c35211dcf07cdc08fe2e7b532445a2fb3e6f8ec3878,147741403,1771081583
JasonAA2,0x787a77d9034287ced654992c145b12aac98f0745293804b20281e63bbbc87f25,147741400,1771081577
JasonAA2,0xf12f968266abd10607908238bdf3e06c5e5e378a8b29fd20be5284cdffe2bab1,147741398,1771081573
JasonAA2,0x6cb72da93e6faa3410e2e0959ae852b865d1f8ef83e80ba8c29a731d828aa1f8,147741396,1771081569
JasonAA2,0x400b6ba02c8be9589c78fdda7a34639ebe06ac077757adf010b11bec6cbc7f98,147741392,1771081561
JasonAA2,0x8bce7367bf6591064ce3f151f927924ac050f2b84ae25f8cec5055ae63629dd3,147741390,1771081557
JasonAA2,0x942f3a449e9b2f52d8b4908b87eaa1cfd11ce6acb686852bcd84eb62355bdbac,147741387,1771081551
JasonAA2,0xef8fef6d03d9f7e4a129a496c18c4ad555630232ce7c12429b97900895fc2501,147741382,1771081541
JasonAA2,0x7ed1199ca9f20fb76e7a1877ecfc4baa50d97988be31cdd1fccdcce21bed86d7,147741380,1771081537
JasonAA2,0x0de5b199aa51575ac5e501c9fd4578870c4e9c25d787c541369a6ed4161ba2f6,147741377,1771081531
JasonAA2,0x0e36339972ff75ec33e2629bb3d4517f7502873ec495a0e0ac7d4ff6f951e487,147741375,1771081527
JasonAA2,0x562c8cc0fc79c96c9f19cca51cfc1fa1ffdebf63842856dd0ead4110865934fe,147741373,1771081523
JasonAA2,0xd4ca70d02986e3ed6ba4d267bccea677acb12a3ed61612bc9042609a48a66d98,147741371,1771081519
JasonAA2,0xd14201dd484a0e7c7e274a8fc48d5453066b365645b328b8cc0c11177c870186,147741367,1771081511
JasonAA2,0x43864f48b1c7b1913a4d4b2b23664fe4639358722e989a84661b71879dbebda6,147741364,1771081505
JasonAA2,0x9814eb79b811cfdefc117e50e96df500c63eb7d9206557002cf152dc39a12b0c,147741362,1771081501
JasonAA2,0xf458a51f8e8d8103f8706263ee7087b1c65c9bb8496d060e87db9032b38b708a,147741358,1771081493
JasonAA2,0x143c839279f90e4794be7f16074deb9a1746ad261653684d4e61ae029883ff44,147741356,1771081489
JasonAA2,0xc2e0b5943451241ed598b386939bdce91ec403d84b6a99c57ee5f210b507a1bf,147741144,1771081065
JasonAA2,0xeedd22aa8b73cf4e43e2dad2fbbd3a08b21467b6cea269c2af2d4c34262b09ef,147741140,1771081057
JasonAA2,0x6290fdb9a4eae992aae750c71adab90ba62e8286a4476ca68b6db66502ffc03a,147741137,1771081051
JasonAA2,0xbb1b48a736cc32a818f026d8d47f49bb2331fae163971accdc76e0ed8462c4fe,147741135,1771081047
JasonAA2,0xaf7961c30662b7db9b5e49ea44669935cc29807a30860346fffc82a6ba0c57d0,147741131,1771081039
JasonAA2,0x09f0a80c1a3e3016060c02372a659dcd8ad4642260413f3117c33f42510d5ec5,147741128,1771081033
JasonAA2,0x401e60d002ccc9523dd6c08d56043c91be481f68e4c275e34743a585c8710e13,147741125,1771081027
JasonAA2,0xb828c05709da2797928b1528203a5ebbc4d8a4db51f2fdb5a18ba89ee86226e3,147741122,1771081021
JasonAA2,0x82320fa60aa6ac51851708a54487b424556c44bef9088e95317d06e27c37e3fa,147741119,1771081015
JasonAA2,0x9556deb435e7e222d215b8bf35967f71363475ecdc9b86e00331fda374c7ef41,147741117,1771081011
JasonAA2,0x00a4edb86518084b08bb165f9970522d8122ad4b798d909a72b21877ba667c6e,147741112,1771081001
JasonAA2,0x3f0547b77a6814f25208ce3780481baafbeeeee5c31ef3d2b823e9e4c8ec4cb6,147741109,1771080995
JasonAA2,0xd15eea4686598a63198ea20a9c5299173c904e6b44aab9264d05d640efc17c28,147741107,1771080991
JasonAA2,0xb2aaaaa3873427398933c19c81991ba286e722f432ed9b8172172c33fcc6cfa8,147741103,1771080983
JasonAA2,0xf42402ca6abb0aad0608a4384a926dc4461c562c4a91003e63143aeda802d4f5,147741101,1771080979
JasonAA2,0x78a6d9e868d71a38086ba1e697ab665f913e2b922db0ed76d72821a51259bd13,147740795,1771080367
JasonAA2,0x485887953e1b28f8a1ab5d33ab4e4572f50e2e2ddfb438c6fc7ae2f2d30adba8,147740792,1771080361
JasonAA2,0x8a86b81491e7c48cc291b8228d5d4be9d34e01da071946a3376e17af153a3cd5,147740789,1771080355
JasonAA2,0xc145a5b244b9670b30f3bf5a38e208826cec1166c45bc36bfdd520e45ab3f9a8,147740770,1771080317
JasonAA2,0x02860dedb4bf094b5ef8ab2ed217bdaf39b8562a45c9b8303d0e12202633faf8,147740766,1771080309
JasonAA2,0x8989d49506b997394eadcb13ee9605befcc81b8982b8c342be4e04481fcdc181,147740763,1771080303
JasonAA2,0x12e18cd7581ea72f6a002ee6f1b24b029e76f5d5801b4b8fb26b79f1ddb550a8,147740525,1771079827
JasonAA2,0x146da85462d6a0bf02f26055749c520e7936dc33492434003e3e5c86c67364f6,147740520,1771079817
JasonAA2,0x5442df21a9638e0f9cc6edb23f2e462f91238a48645356d89060b60b3b34d3e9,147740414,1771079605
JasonAA2,0xa3793ab8560e86dbd27ee171040437630715ac0c6571478c13e74eb2b431ec85,147740410,1771079597
JasonAA2,0xbd33c4c9e862d56e7ddfb9feab21c597aaf9762881eb8c97b5ebbf9e0072f068,147718816,1771036409
JasonAA2,0x819085fc94ca889ccc2b8f5ea6c15e6b27f8bcea0893447492abf6bad6f13dfb,147718813,1771036403
JasonAA2,0x75fd0aef3812cc7032804146913ef05cd532934a443a8d58ad6c73a6e19cd672,147718811,1771036399
JasonAA2,0x853f5f6d7d7eb57bc05c0851fce43549a98fe4202ee053b755acabd68b9e00ad,147718427,1771035631
JasonAA2,0x305cbfc38327d83c265ed7399e25249cb5fc88bfcf350744f8f2b929ee667dca,147718424,1771035625
JasonAA2,0x2155ca284e7803894fe8d9f1a95adddcd9a7103d5cb44a07f1122fed32bb85ab,147718421,1771035619
JasonAA2,0x4372a910e0dd178e55ffd2a644be6044db6556742f167b75e7be353feb03010a,147698857,1770996491
JasonAA2,0x75e2836d2d92a0939f36b3438b898e017bf7955314373088f80d454958f39ea0,147698853,1770996483
JasonAA2,0x5d2ce6233101d680dee0da83f7f8994b0bfd1142813bfa73b5d5271fb673622b,147698849,1770996475
JasonAA2,0x9f0a3774567bd71a93c2a4b4dc1506c4b3d52132e31cb345f8851f93442e6c3b,147698782,1770996341
JasonAA2,0x732daea624858746bf249d3190dea6bb1bc338c4f0a6347e9bf41ae45850dda7,147698692,1770996161
JasonAA2,0x1c9d9fed4f882e3f8f1ffd6b867edcd55691747a2ce100d6b81200343f5485b8,147698689,1770996155
JasonAA2,0x46680305352c553b2d2a2ca5d75eab623682d130a1876b9bd648efe8500c9a09,147698597,1770995971
JasonAA2,0xa3a0573cfbf69dea3db99ef07c5c3a1d563fcb683b31a5930833f2b38beb3cd1,147698594,1770995965
JasonAA2,0x356fab308143d1a66a9eb9d68fceb8b95df65b6c71754da544f55bd5120299d1,147698471,1770995719
JasonAA2,0x809da54a7c02f20f46f9ed324e4c4962d6479d5b1758af630b75a11934f26854,147698467,1770995711
JasonAA2,0xc9a58dc19fa3b8d3f35c6a6d55ed5f6ba473c23112f79dd76d4209e9f04aa52a,147698314,1770995405
JasonAA2,0x0e9b55fa78f67ce4bd442797d44c31f60aac5d20e408bf341b58eace02a6cac7,147698311,1770995399
JasonAA2,0xda23c26bbddbc948c4236c86d8f6ad82eaf0cdd977236c3c0249e6d70821f3df,147698191,1770995159
JasonAA2,0x0293729bc5437daf74b8355107cb6dbb8e34e03271208bb456fa9b401d3fdd5d,147698139,1770995055
JasonAA2,0x51e57004a5aee3be596ea7f8ac0fb52882aed4c9cabfa539e2af485d93cc1272,147696778,1770992333
JasonAA2,0xf0601a8ec3b93f8eb3085d704662c2d5b97e943ecfb0a4d859291ec4ccfedf79,147696775,1770992327
JasonAA2,0x5be9d8162cc5233e2ae80287b427ac44a5a6c1aa61f719ce5908ef6e341137ef,147691007,1770980791
